route_id,keyword_id,detection_scope_id,vista_tipo,vista_nombre,activo,prioridad,notas
ROUTE-0001,KEY-0001,CLI-0001,CLIENTE,JUMEX,true,ALTA,Marca literal Jumex
ROUTE-0002,KEY-0002,CLI-0001,CLIENTE,JUMEX,true,ALTA,Museo/Fundación Jumex — marca del cliente
ROUTE-0003,KEY-0009,CLI-0001,CLIENTE,JUMEX,true,ALTA,Monitoreo regulatorio de Jumex
ROUTE-0004,KEY-0009,CLI-0001,TEMA,IEPS BEBIDAS AZUCARADAS,true,ALTA,Tema fiscal bebidas azucaradas
ROUTE-0005,KEY-0065,CLI-0001,CLIENTE,JUMEX,true,ALTA,IEPS directo a jugos/refrescos — monitoreo Jumex
ROUTE-0006,KEY-0065,CLI-0001,TEMA,IEPS BEBIDAS AZUCARADAS,true,ALTA,Keyword IEPS explícita
ROUTE-0007,KEY-0066,CLI-0001,CLIENTE,JUMEX,true,MEDIA,Etiquetado frontal con gate Jumex/jugos
ROUTE-0008,KEY-0067,CLI-0001,CLIENTE,JUMEX,true,ALTA,Recall con gate Jumex/jugos
ROUTE-0009,KEY-0068,CLI-0001,CLIENTE,JUMEX,true,MEDIA,Profeco con gate Jumex/jugos
ROUTE-0010,KEY-0074,CLI-0001,CLIENTE,JUMEX,true,MEDIA,Sector producto Jugos y Néctares bajo ownership Jumex
ROUTE-0011,KEY-0075,CLI-0001,CLIENTE,JUMEX,true,ALTA,Impuesto bebidas azucaradas — monitoreo Jumex
ROUTE-0012,KEY-0075,CLI-0001,TEMA,IEPS BEBIDAS AZUCARADAS,true,ALTA,Frase fiscal explícita
ROUTE-0013,KEY-0060,CLI-0002,CLIENTE,PATRÓN,true,ALTA,DIRECT_BRAND Tequila Patrón
ROUTE-0014,KEY-0061,CLI-0002,CLIENTE,PATRÓN,true,ALTA,DIRECT_BRAND Casa Patrón
ROUTE-0015,KEY-0071,CLI-0002,CLIENTE,PATRÓN,true,ALTA,DIRECT_BRAND Patrón Spirits
ROUTE-0016,KEY-0073,CLI-0002,CLIENTE,PATRÓN,true,ALTA,DIRECT_BRAND Hacienda Patrón
ROUTE-0017,KEY-0062,CLI-0002,CLIENTE,PATRÓN,true,MEDIA,"Atotonilco el Alto — sede Casa Patrón, gate tequilero"
ROUTE-0018,KEY-0062,CLI-0002,TEMA,INDUSTRIA DEL TEQUILA,true,MEDIA,Municipio tequilero; no es pestaña de contexto suelta
ROUTE-0019,KEY-0063,CLI-0002,TEMA,INDUSTRIA DEL TEQUILA,true,ALTA,CRT = regulador sectorial. NO auto-Patrón: el dry-run mezcla Expo Tequila/UAG con la marca
ROUTE-0020,KEY-0015,CLI-0002,CLIENTE,BACARDÍ,true,ALTA,Marca Bacardí (broad). No mezclar con Patrón
ROUTE-0021,KEY-0072,CLI-0002,CLIENTE,BACARDÍ,true,ALTA,DIRECT_BRAND Grupo Bacardí
ROUTE-0022,KEY-0070,CLI-0002,CLIENTE,BACARDÍ,true,ALTA,Tequila Cazadores se muestra en la vista cliente Bacardí. No crear CLIENTE · CAZADORES.
ROUTE-0023,KEY-0003,CLI-0002,TEMA,INDUSTRIA DEL TEQUILA,true,ALTA,Keyword industrial tequila. NO es CLIENTE · PATRÓN
ROUTE-0024,KEY-0011,CLI-0002,TEMA,INDUSTRIA DEL TEQUILA,true,ALTA,NOM-006 norma tequila
ROUTE-0025,KEY-0033,CLI-0002,TEMA,INDUSTRIA DEL TEQUILA,true,ALTA,Exportación de tequila. NO auto-Patrón
ROUTE-0026,KEY-0008,CLI-0002,TEMA,INDUSTRIA DEL MEZCAL,true,ALTA,Keyword industrial mezcal
ROUTE-0027,KEY-0012,CLI-0002,TEMA,INDUSTRIA DEL MEZCAL,true,ALTA,NOM-070 norma mezcal
ROUTE-0028,KEY-0013,CLI-0002,TEMA,INDUSTRIA DEL MEZCAL,true,ALTA,COMERCAM
ROUTE-0029,KEY-0014,CLI-0002,TEMA,INDUSTRIA DEL MEZCAL,true,ALTA,Consejo Regulador del Mezcal
ROUTE-0030,KEY-0016,CLI-0002,TEMA,INDUSTRIA DEL MEZCAL,true,ALTA,Frase Industria del Mezcal
ROUTE-0031,KEY-0010,CLI-0002,TEMA,INDUSTRIA DEL TEQUILA,true,MEDIA,DO con gate tequila|mezcal — vista tequila
ROUTE-0032,KEY-0010,CLI-0002,TEMA,INDUSTRIA DEL MEZCAL,true,MEDIA,DO con gate tequila|mezcal — vista mezcal
ROUTE-0033,KEY-0064,CLI-0002,TEMA,IEPS BEBIDAS ALCOHÓLICAS,true,ALTA,IEPS alcohol. NO auto-asignar a Patrón
ROUTE-0034,KEY-0026,CLI-0002,TEMA,CRISIS PRODUCTO ALCOHOL,true,ALTA,Tequila adulterado — crisis. NO auto-Patrón
ROUTE-0035,KEY-0026,CLI-0002,TEMA,INDUSTRIA DEL TEQUILA,true,MEDIA,Crisis específica de tequila también alimenta el tema industria
ROUTE-0036,KEY-0027,CLI-0002,TEMA,CRISIS PRODUCTO ALCOHOL,true,ALTA,Bebidas adulteradas genéricas
ROUTE-0037,KEY-0028,CLI-0002,TEMA,CRISIS PRODUCTO ALCOHOL,true,ALTA,Alcohol adulterado
ROUTE-0038,KEY-0034,CLI-0002,TEMA,CRISIS PRODUCTO ALCOHOL,true,ALTA,Licor adulterado
ROUTE-0039,KEY-0035,CLI-0002,TEMA,CRISIS PRODUCTO ALCOHOL,true,ALTA,Bebidas clandestinas
ROUTE-0040,KEY-0036,CLI-0002,TEMA,CRISIS PRODUCTO ALCOHOL,true,ALTA,Destilados adulterados. No auto-mezcal ni auto-Patrón
ROUTE-0041,KEY-0037,CLI-0002,TEMA,CRISIS PRODUCTO ALCOHOL,true,ALTA,Intoxicación por alcohol
ROUTE-0042,KEY-0038,CLI-0002,TEMA,CRISIS PRODUCTO ALCOHOL,true,MEDIA,Decomiso de alcohol
ROUTE-0043,KEY-0039,CLI-0002,TEMA,CRISIS PRODUCTO ALCOHOL,true,MEDIA,COFEPRIS con gate de bebidas. NO auto-Patrón
ROUTE-0044,KEY-0004,CLI-0003,TEMA,REFORMA LABORAL,true,ALTA,Keyword núcleo. NO es CLIENTE
ROUTE-0045,KEY-0005,CLI-0003,TEMA,REFORMA LABORAL,true,ALTA,Salario mínimo — filtro interno via columna palabra
ROUTE-0046,KEY-0006,CLI-0003,TEMA,REFORMA LABORAL,true,ALTA,Conciliación laboral
ROUTE-0047,KEY-0007,CLI-0003,TEMA,REFORMA LABORAL,true,ALTA,Centro de Conciliación Laboral
ROUTE-0048,KEY-0017,CLI-0003,TEMA,REFORMA LABORAL,true,ALTA,Huelga
ROUTE-0049,KEY-0018,CLI-0003,TEMA,REFORMA LABORAL,true,ALTA,Contrato colectivo
ROUTE-0050,KEY-0019,CLI-0003,TEMA,REFORMA LABORAL,true,MEDIA,Sindicato
ROUTE-0051,KEY-0020,CLI-0003,TEMA,REFORMA LABORAL,true,MEDIA,Derechos laborales
ROUTE-0052,KEY-0021,CLI-0003,TEMA,REFORMA LABORAL,true,BAJA,Trabajadores — término amplio
ROUTE-0053,KEY-0040,CLI-MERY-TEST,PERSONA,MERY POZOS,true,ALTA,Variante de detección del mismo perfil
ROUTE-0054,KEY-0041,CLI-MERY-TEST,PERSONA,MERY POZOS,true,ALTA,Variante de detección del mismo perfil
ROUTE-0055,KEY-0042,CLI-MERY-TEST,PERSONA,MERY POZOS,true,ALTA,Variante de detección del mismo perfil
ROUTE-0056,KEY-0043,CLI-MERY-TEST,PERSONA,MERY POZOS,true,ALTA,Encoding alt del mismo perfil
ROUTE-0057,KEY-0044,CLI-MERY-TEST,PERSONA,MERY POZOS,true,MEDIA,Encoding alt del mismo perfil
ROUTE-0058,KEY-0045,CLI-MERY-TEST,PERSONA,MERY POZOS,true,ALTA,Cargo + nombre
ROUTE-0059,KEY-0046,CLI-MERY-TEST,PERSONA,MERY POZOS,true,ALTA,Cargo + nombre parcial
ROUTE-0060,KEY-0047,CLI-MERY-TEST,PERSONA,MERY POZOS,true,ALTA,Cargo federal completo
ROUTE-0061,KEY-0048,CLI-MERY-TEST,PERSONA,MERY POZOS,true,MEDIA,Nombre parcial contextual
ROUTE-0062,KEY-0049,CLI-MERY-TEST,PERSONA,MERY POZOS,true,BAJA,Apodo parcial contextual
ROUTE-0063,KEY-0050,CLI-MERY-TEST,PERSONA,MERY POZOS,true,MEDIA,Apellido compuesto contextual
ROUTE-0064,KEY-0051,CLI-MERY-TEST,PERSONA,MERY POZOS,true,MEDIA,Apellido compuesto sin acento
ROUTE-0065,KEY-0076,CLI-MERY-TEST,PERSONA,MERY POZOS,true,ALTA,diputada Pozos
ROUTE-0066,KEY-0077,CLI-MERY-TEST,PERSONA,MERY POZOS,true,ALTA,diputada Mery
ROUTE-0067,KEY-PRUEBA-LOCAL-001,CLI-PRUEBA,INTERNO,COBERTURA LOCAL PRUEBA,true,BAJA,Keyword de prueba. Scope INTERNO inactivo
ROUTE-0068,KEY-PRUEBA-LOCAL-002,CLI-PRUEBA,INTERNO,COBERTURA LOCAL PRUEBA,true,BAJA,Keyword de prueba. Scope INTERNO inactivo
ROUTE-0069,KEY-PRUEBA-LOCAL-003,CLI-PRUEBA,INTERNO,COBERTURA LOCAL PRUEBA,true,BAJA,Keyword de prueba. Scope INTERNO inactivo
ROUTE-0070,KEY-0030,CLI-0002,TEMA,COMERCIO EXTERIOR BEBIDAS,true,ALTA,T-MEC → TEMA · COMERCIO EXTERIOR BEBIDAS. NO Patrón.
ROUTE-0071,KEY-0031,CLI-0002,TEMA,COMERCIO EXTERIOR BEBIDAS,true,ALTA,aranceles → TEMA · COMERCIO EXTERIOR BEBIDAS. NO Patrón.
ROUTE-0072,KEY-0032,CLI-0002,TEMA,COMERCIO EXTERIOR BEBIDAS,true,ALTA,comercio exterior → TEMA · COMERCIO EXTERIOR BEBIDAS. NO Patrón.
